x;cos;tanh;sqrt;color
1;0.9999500004166653;0.00999966667999949;0.1;1644825
2;0.9998000066665778;0.019997333759930885;0.1414213562373095;3355443
3;0.9995500337489875;0.029991003238820143;0.17320508075688773;5000268
4;0.9992001066609779;0.03997868031116358;0.2;6710886
5;0.9987502603949663;0.04995837495788006;0.22360679774997896;8355711
6;0.9982005399352042;0.0599281035291435;0.2449489742783178;10066329
7;0.9975510002532796;0.06988589031642899;0.2645751311064591;11711154
8;0.9968017063026194;0.07982976911113135;0.282842712474619;13421772
9;0.9959527330119943;0.08975778474716013;0.3;15066597